{"cameraMode":{"drawMode":0,"name":"Shaded","section":"Shading Mode"},"sceneLighting":true,"audioPlay":false,"sceneViewState":{"showFog":true,"showMaterialUpdate":false,"showSkybox":true,"showFlares":true,"showImageEffects":true,"showParticleSystems":true},"in2DMode":false,"pivot":{"x":0.7030258178710938,"y":-1.8053131103515626,"z":3.8191261291503908},"rotation":{"x":0.2979503273963928,"y":-0.0886116549372673,"z":0.027789577841758729,"w":0.950060248374939},"size":4.941054344177246,"orthographic":true}